id,observed_on_string,observed_on,time_observed_at,time_zone,out_of_range,user_id,user_login,created_at,updated_at,quality_grade,license,url,image_url,sound_url,tag_list,description,id_please,num_identification_agreements,num_identification_disagreements,captive_cultivated,oauth_application_id,place_guess,latitude,longitude,positional_accuracy,private_place_guess,private_latitude,private_longitude,private_positional_accuracy,geoprivacy,taxon_geoprivacy,coordinates_obscured,positioning_method,positioning_device,place_town_name,place_county_name,place_state_name,place_country_name,place_admin1_name,place_admin2_name,species_guess,scientific_name,common_name,iconic_taxon_name,taxon_id,taxon_kingdom_name,taxon_phylum_name,taxon_subphylum_name,taxon_superclass_name,taxon_class_name,taxon_subclass_name,taxon_superorder_name,taxon_order_name,taxon_suborder_name,taxon_superfamily_name,taxon_family_name,taxon_subfamily_name,taxon_supertribe_name,taxon_tribe_name,taxon_subtribe_name,taxon_genus_name,taxon_genushybrid_name,taxon_species_name,taxon_hybrid_name,taxon_subspecies_name,taxon_variety_name,taxon_form_name,field:depth,field:depth (m),field:water t (°c)
22010047,2011-07-15 2:55:04 p. m. GMT-03:00,2011-07-15,2011-07-15 17:55:04 UTC,Brasilia,,1573807,gonzalopatagonia,2019-04-05 04:09:40 UTC,2019-08-24 04:04:27 UTC,research,CC-BY-NC,https://www.inaturalist.org/observations/22010047,https://static.inaturalist.org/photos/34190695/medium.jpeg?1554554773,,"",,false,2,0,false,2,"Biedma, AR-CH, AR",-42.6154212952,-64.2776794434,,,,,,,,false,gps,gps,,Biedma,,Argentina,Chubut,Biedma,Arbacia dufresnii,Arbacia dufresnii,,Animalia,485402,Animalia,Echinodermata,Echinozoa,,Echinoidea,Euechinoidea,Echinacea,Arbacioida,,,Arbaciidae,,,,,Arbacia,,Arbacia dufresnii,,,,,,,
22010063,2011-10-27 1:15:47 p. m. GMT-03:00,2011-10-27,2011-10-27 15:15:47 UTC,Brasilia,,1573807,gonzalopatagonia,2019-04-05 04:10:19 UTC,2019-11-19 01:08:36 UTC,research,CC-BY-NC,https://www.inaturalist.org/observations/22010063,https://static.inaturalist.org/photos/34190846/medium.jpeg?1554555046,,"",,false,2,0,false,2,"Biedma, AR-CH, AR",-42.6154212952,-64.2776794434,,,,,,,,false,gps,gps,,Biedma,,Argentina,Chubut,Biedma,Dividing Sea Star,Allostichaster capensis,,Animalia,648783,Animalia,Echinodermata,Asterozoa,,Asteroidea,,Forcipulatacea,Forcipulatida,,,Stichasteridae,,,,,Allostichaster,,Allostichaster capensis,,,,,,,
23167461,2018-04-12 11:39:09 p. m. GMT-03:00,2018-04-12,2018-04-12 14:39:09 UTC,Brasilia,,1573807,gonzalopatagonia,2019-04-26 16:54:17 UTC,2019-07-18 13:50:43 UTC,research,CC-BY-NC,https://www.inaturalist.org/observations/23167461,https://static.inaturalist.org/photos/35905734/medium.jpeg?1556297672,,"",,false,1,0,false,2,"Coronel Acceso Punta Pardelas, Chubut, Argentina",-42.6192855835,-64.260887146,,,,,,,,false,gps,gps,,Biedma,,Argentina,Chubut,Biedma,Babosón verrugosa,Doris fontainii,Babosón verrugosa,Mollusca,543510,Animalia,Mollusca,,,Gastropoda,Heterobranchia,Nudipleura,Nudibranchia,Doridina,Doridoidea,Dorididae,,,,,Doris,,Doris fontainii,,,,,,,
23167523,2018-04-15 4:51:31 a. m. GMT-03:00,2018-04-15,2018-04-15 19:51:31 UTC,Brasilia,,1573807,gonzalopatagonia,2019-04-26 16:54:39 UTC,2019-07-18 13:50:44 UTC,research,CC-BY-NC,https://www.inaturalist.org/observations/23167523,https://static.inaturalist.org/photos/35905836/medium.jpeg?1556297690,,"",,false,1,0,false,2,"Biedma, AR-CH, AR",-42.6202163696,-64.2578277588,,,,,,,,false,gps,gps,,Biedma,,Argentina,Chubut,Biedma,Corynactis carnea,Corynactis carnea,,Animalia,570294,Animalia,Cnidaria,,,Anthozoa,Hexacorallia,,Corallimorpharia,,,Corallimorphidae,,,,,Corynactis,,Corynactis carnea,,,,,,,
23369105,2019-02-17 1:32:44 p. m. GMT-03:00,2019-02-17,2019-02-17 16:32:44 UTC,Brasilia,,1573807,gonzalopatagonia,2019-04-27 14:24:46 UTC,2019-04-27 23:49:06 UTC,research,CC-BY-NC,https://www.inaturalist.org/observations/23369105,https://static.inaturalist.org/photos/36198966/medium.jpeg?1556375103,,"",,false,1,0,false,2,"Biedma, AR-CH, AR",-42.6067848206,-64.2730941772,,,,,,,,false,gps,gps,,Biedma,,Argentina,Chubut,Biedma,Brazilian sandperch,Pseudopercis semifasciata,Falso salmón de mar,Actinopterygii,448282,Animalia,Chordata,Vertebrata,,Actinopterygii,,,Perciformes,,,Pinguipedidae,,,,,Pseudopercis,,Pseudopercis semifasciata,,,,,,,
23369578,2019-02-16 2:03:54 p. m. GMT-03:00,2019-02-16,2019-02-16 17:03:54 UTC,Brasilia,,1573807,gonzalopatagonia,2019-04-27 14:26:43 UTC,2019-04-27 23:48:11 UTC,research,CC-BY-NC,https://www.inaturalist.org/observations/23369578,https://static.inaturalist.org/photos/36199560/medium.jpeg?1556375216,,"",,false,1,0,false,2,"Biedma, AR-CH, AR",-42.6237792969,-64.2661361694,,,,,,,,false,gps,gps,,Biedma,,Argentina,Chubut,Biedma,Acanthistius patachonicus,Acanthistius patachonicus,Mero de Patagonia,Actinopterygii,620551,Animalia,Chordata,Vertebrata,,Actinopterygii,,,Perciformes,,,Serranidae,Anthiinae,,,,Acanthistius,,Acanthistius patachonicus,,,,,,,
23370248,2018-12-18 2:35:58 p. m. GMT-03:00,2018-12-18,2018-12-18 16:35:58 UTC,Brasilia,,1573807,gonzalopatagonia,2019-04-27 14:29:26 UTC,2019-07-18 13:49:58 UTC,research,CC-BY-NC,https://www.inaturalist.org/observations/23370248,https://static.inaturalist.org/photos/36200449/medium.jpeg?1556375378,,"",,false,1,0,false,2,"Biedma, AR-CH, AR",-42.6202583313,-64.2568817139,,,,,,,,false,gps,gps,,Biedma,,Argentina,Chubut,Biedma,Ascidiella aspersa,Ascidiella aspersa,,Animalia,199327,Animalia,Chordata,Tunicata,,Ascidiacea,,,Phlebobranchia,,,Ascidiidae,,,,,Ascidiella,,Ascidiella aspersa,,,,,,,
24817127,2018-04-12 11:34:27 p. m. GMT-03:00,2018-04-12,2018-04-12 14:34:27 UTC,Brasilia,,1573807,gonzalopatagonia,2019-05-09 02:02:07 UTC,2019-08-03 01:05:05 UTC,research,CC-BY-NC,https://www.inaturalist.org/observations/24817127,https://static.inaturalist.org/photos/38382846/medium.jpeg?1557367377,,"",,false,2,0,false,2,"Coronel Acceso Punta Pardelas, Chubut, Argentina",-42.6192855835,-64.260887146,,,,,,,,false,gps,gps,,Biedma,,Argentina,Chubut,Biedma,Rowing Crab,Ovalipes trimaculatus,,Animalia,372508,Animalia,Arthropoda,Crustacea,Multicrustacea,Malacostraca,Eumalacostraca,Eucarida,Decapoda,Pleocyemata,Portunoidea,Ovalipidae,,,,,Ovalipes,,Ovalipes trimaculatus,,,,,,,
25143538,2019-04-04,2019-04-04,,Santiago,,1734450,gbigatti,2019-05-15 02:52:07 UTC,2019-05-15 03:21:22 UTC,research,,https://www.inaturalist.org/observations/25143538,https://static.inaturalist.org/photos/38918359/medium.jpeg?1557888587,,"","",false,1,0,false,,"Biedma, AR-CH, AR",-42.6214191234,-64.2621168205,61,,,,,,,false,,,,Biedma,,Argentina,Chubut,Biedma,Diaulula punctuolata,Diaulula punctuolata,,Mollusca,355742,Animalia,Mollusca,,,Gastropoda,Heterobranchia,Nudipleura,Nudibranchia,Doridina,Doridoidea,Discodorididae,,,,,Diaulula,,Diaulula punctuolata,,,,,,,
25555804,2016/02/08 1:38 PM -03,2016-02-08,,Santiago,,1775654,maxi88,2019-05-22 12:45:09 UTC,2019-08-24 18:30:49 UTC,research,CC-BY-NC,https://www.inaturalist.org/observations/25555804,https://static.inaturalist.org/photos/39599948/medium.jpeg?1558529099,,"","",false,3,0,false,,"Biedma, AR-CH, AR",-42.627052,-64.275707,265,,,,,,,false,,,,Biedma,,Argentina,Chubut,Biedma,Arbacia dufresnii,Arbacia dufresnii,,Animalia,485402,Animalia,Echinodermata,Echinozoa,,Echinoidea,Euechinoidea,Echinacea,Arbacioida,,,Arbaciidae,,,,,Arbacia,,Arbacia dufresnii,,,,,,,
25566366,2017/01/14 5:11 PM -03,2017-01-14,,Santiago,,1775654,maxi88,2019-05-22 16:33:45 UTC,2020-03-15 10:52:33 UTC,research,CC-BY-NC,https://www.inaturalist.org/observations/25566366,https://static.inaturalist.org/photos/39615766/medium.jpeg?1558542673,,"",,false,3,0,false,,"Biedma, AR-CH, AR",-42.6241298328,-64.2846599923,659,,,,,,,false,,,,Biedma,,Argentina,Chubut,Biedma,Medusa boca de bandera,Chrysaora plocamia,Medusa boca de bandera,Animalia,256091,Animalia,Cnidaria,,,Scyphozoa,Discomedusae,,Semaeostomeae,,,Pelagiidae,,,,,Chrysaora,,Chrysaora plocamia,,,,,,,
25811533,2019-05-24 1:23:17 p. m. GMT-03:00,2019-05-24,2019-05-24 16:23:17 UTC,Brasilia,,1573807,gonzalopatagonia,2019-05-26 15:52:02 UTC,2019-05-27 03:01:36 UTC,research,CC-BY-NC,https://www.inaturalist.org/observations/25811533,https://static.inaturalist.org/photos/40018685/medium.jpeg?1558885938,,"",,false,1,0,false,2,Argentina,-42.6248703003,-64.2672195435,,,,,,,,false,gps,gps,,Biedma,,Argentina,Chubut,Biedma,Pinguipes brasilianus,Pinguipes brasilianus,Turco,Actinopterygii,448285,Animalia,Chordata,Vertebrata,,Actinopterygii,,,Perciformes,,,Pinguipedidae,,,,,Pinguipes,,Pinguipes brasilianus,,,,,,,
25812039,2018-12-18 2:28:27 p. m. GMT-03:00,2018-12-18,2018-12-18 16:28:27 UTC,Brasilia,,1573807,gonzalopatagonia,2019-05-26 16:00:55 UTC,2020-03-24 06:06:29 UTC,research,CC-BY-NC,https://www.inaturalist.org/observations/25812039,https://static.inaturalist.org/photos/40019664/medium.jpeg?1558886469,,"",,false,1,0,false,2,Argentina,-42.6202583313,-64.2568817139,,,,,,,,false,gps,gps,,Biedma,,Argentina,Chubut,Biedma,Blue Mussel,Mytilus edulis,Mejillón azul del Atlántico Norte,Mollusca,117650,Animalia,Mollusca,,,Bivalvia,Autobranchia,,Mytilida,,Mytiloidea,Mytilidae,Mytilinae,,,,Mytilus,,Mytilus edulis,,,,,,,
25812216,2017-01-19 6:12:55 a. m. GMT-03:00,2017-01-19,2017-01-19 08:12:55 UTC,Brasilia,,1573807,gonzalopatagonia,2019-05-26 16:03:31 UTC,2019-11-14 21:36:28 UTC,research,CC-BY-NC,https://www.inaturalist.org/observations/25812216,https://static.inaturalist.org/photos/40019921/medium.jpeg?1558886618,,"",,false,2,0,false,2,Argentina,-42.6208788767,-64.263664037,94,,,,,,,false,gps,gps,,Biedma,,Argentina,Chubut,Biedma,Medusa boca de bandera,Chrysaora plocamia,Medusa boca de bandera,Animalia,256091,Animalia,Cnidaria,,,Scyphozoa,Discomedusae,,Semaeostomeae,,,Pelagiidae,,,,,Chrysaora,,Chrysaora plocamia,,,,,,,
25812446,2018-04-12 11:34:27 p. m. GMT-03:00,2018-04-12,2018-04-12 14:34:27 UTC,Brasilia,,1573807,gonzalopatagonia,2019-05-26 16:07:03 UTC,2019-08-03 01:03:16 UTC,research,CC-BY-NC,https://www.inaturalist.org/observations/25812446,https://static.inaturalist.org/photos/40020350/medium.jpeg?1558886842,,"",,false,2,0,false,2,Argentina,-42.6192855835,-64.260887146,,,,,,,,false,gps,gps,,Biedma,,Argentina,Chubut,Biedma,Rowing Crab,Ovalipes trimaculatus,,Animalia,372508,Animalia,Arthropoda,Crustacea,Multicrustacea,Malacostraca,Eumalacostraca,Eucarida,Decapoda,Pleocyemata,Portunoidea,Ovalipidae,,,,,Ovalipes,,Ovalipes trimaculatus,,,,,,,
25836700,2019-05-24 1:23:06 p. m. GMT-03:00,2019-05-24,2019-05-24 16:23:06 UTC,Brasilia,,1573807,gonzalopatagonia,2019-05-26 22:02:55 UTC,2019-05-29 20:16:21 UTC,research,CC-BY-NC,https://www.inaturalist.org/observations/25836700,https://static.inaturalist.org/photos/40059720/medium.jpeg?1558908190,,"",,false,2,0,false,2,Argentina,-42.6248703003,-64.2672195435,,,,,,,,false,gps,gps,,Biedma,,Argentina,Chubut,Biedma,Sebastes oculatus,Sebastes oculatus,Escrófalo,Actinopterygii,620534,Animalia,Chordata,Vertebrata,,Actinopterygii,,,Scorpaeniformes,,,Sebastidae,Sebastinae,,,,Sebastes,,Sebastes oculatus,,,,,,,
25836735,2019-05-24 1:25:07 p. m. GMT-03:00,2019-05-24,2019-05-24 16:25:07 UTC,Brasilia,,1573807,gonzalopatagonia,2019-05-26 22:03:41 UTC,2019-05-27 03:00:13 UTC,research,CC-BY-NC,https://www.inaturalist.org/observations/25836735,https://static.inaturalist.org/photos/40059793/medium.jpeg?1558908229,,"",,false,1,0,false,2,Argentina,-42.6248703003,-64.2672195435,,,,,,,,false,gps,gps,,Biedma,,Argentina,Chubut,Biedma,Nemadactylus bergi,Nemadactylus bergi,,Actinopterygii,411178,Animalia,Chordata,Vertebrata,,Actinopterygii,,,Perciformes,,,Cheilodactylidae,,,,,Nemadactylus,,Nemadactylus bergi,,,,,,,
25836811,2019-05-24 1:24:21 p. m. GMT-03:00,2019-05-24,2019-05-24 16:24:21 UTC,Brasilia,,1573807,gonzalopatagonia,2019-05-26 22:04:39 UTC,2019-05-27 02:59:05 UTC,research,CC-BY-NC,https://www.inaturalist.org/observations/25836811,https://static.inaturalist.org/photos/40059971/medium.jpeg?1558908297,,"",,false,1,0,false,2,Argentina,-42.6248703003,-64.2672195435,,,,,,,,false,gps,gps,,Biedma,,Argentina,Chubut,Biedma,Acanthistius patachonicus,Acanthistius patachonicus,Mero de Patagonia,Actinopterygii,620551,Animalia,Chordata,Vertebrata,,Actinopterygii,,,Perciformes,,,Serranidae,Anthiinae,,,,Acanthistius,,Acanthistius patachonicus,,,,,,,
26018504,2019/04/27 12:47 PM -04,2019-04-27,,Santiago,,1663476,nicolasbattini,2019-05-29 20:12:06 UTC,2019-05-31 14:21:50 UTC,research,CC-BY-NC,https://www.inaturalist.org/observations/26018504,https://static.inaturalist.org/photos/40362414/medium.jpg?1559160183,,"",,false,1,0,false,,"Biedma, AR-CH, AR",-42.613912892,-64.2786596418,269,,,,,,,false,,,,Biedma,,Argentina,Chubut,Biedma,Geitodoris patagonica,Geitodoris patagonica,,Mollusca,890927,Animalia,Mollusca,,,Gastropoda,Heterobranchia,Nudipleura,Nudibranchia,Doridina,Doridoidea,Discodorididae,,,,,Geitodoris,,Geitodoris patagonica,,,,,,,
26018505,2019/04/27 12:49 PM -04,2019-04-27,,Santiago,,1663476,nicolasbattini,2019-05-29 20:12:06 UTC,2019-05-31 02:17:30 UTC,research,CC-BY-NC,https://www.inaturalist.org/observations/26018505,https://static.inaturalist.org/photos/40362422/medium.jpg?1559160193,,"",,false,2,0,false,,"Biedma, AR-CH, AR",-42.6131488819,-64.2793460587,553,,,,,,,false,,,,Biedma,,Argentina,Chubut,Biedma,Corynactis carnea,Corynactis carnea,,Animalia,570294,Animalia,Cnidaria,,,Anthozoa,Hexacorallia,,Corallimorpharia,,,Corallimorphidae,,,,,Corynactis,,Corynactis carnea,,,,,,,
26018518,2019/04/27 1:25 PM -04,2019-04-27,,Santiago,,1663476,nicolasbattini,2019-05-29 20:12:13 UTC,2019-08-24 04:00:18 UTC,research,CC-BY-NC,https://www.inaturalist.org/observations/26018518,https://static.inaturalist.org/photos/40362542/medium.jpg?1559160264,,"",,false,2,0,false,,"Biedma, AR-CH, AR",-42.6112682026,-64.2809503805,497,,,,,,,false,,,,Biedma,,Argentina,Chubut,Biedma,Odontaster penicillatus,Odontaster penicillatus,Estrella adornada,Animalia,565056,Animalia,Echinodermata,Asterozoa,,Asteroidea,,Valvatacea,Valvatida,,,Odontasteridae,,,,,Odontaster,,Odontaster penicillatus,,,,,,,
26018519,2019/04/27 1:19 PM -04,2019-04-27,,Santiago,,1663476,nicolasbattini,2019-05-29 20:12:13 UTC,2020-04-20 14:45:39 UTC,research,CC-BY-NC,https://www.inaturalist.org/observations/26018519,https://static.inaturalist.org/photos/40362528/medium.jpg?1559160251,,"",,false,3,0,false,,"Biedma, AR-CH, AR",-42.6139212144,-64.2809503805,567,,,,,,,false,,,,Biedma,,Argentina,Chubut,Biedma,Polycera marplatensis,Polycera marplatensis,,Mollusca,901818,Animalia,Mollusca,,,Gastropoda,Heterobranchia,Nudipleura,Nudibranchia,Doridina,Polyceroidea,Polyceridae,Polycerinae,,,,Polycera,,Polycera marplatensis,,,,,,,
26018522,2019/04/27 1:45 PM -04,2019-04-27,,Santiago,,1663476,nicolasbattini,2019-05-29 20:12:15 UTC,2019-05-30 13:30:40 UTC,research,CC-BY-NC,https://www.inaturalist.org/observations/26018522,https://static.inaturalist.org/photos/40362575/medium.jpg?1559160278,,"",,false,1,0,false,,"Biedma, AR-CH, AR",-42.6125315556,-64.2807787191,370,,,,,,open,false,,,,Biedma,,Argentina,Chubut,Biedma,Helcogrammoides cunninghami,Helcogrammoides cunninghami,Diablillo,Actinopterygii,446098,Animalia,Chordata,Vertebrata,,Actinopterygii,,,Perciformes,Blennioidei,,Tripterygiidae,Tripterygiinae,,,,Helcogrammoides,,Helcogrammoides cunninghami,,,,,,,
26019164,2019/04/27 1:17 PM -04,2019-04-27,,Santiago,,1663476,nicolasbattini,2019-05-29 20:22:28 UTC,2019-05-31 14:21:41 UTC,research,CC-BY-NC,https://www.inaturalist.org/observations/26019164,https://static.inaturalist.org/photos/40364480/medium.jpg?1559161318,,"",,false,1,0,false,,"Biedma, AR-CH, AR",-42.6110550295,-64.2773329585,269,,,,,,,false,,,,Biedma,,Argentina,Chubut,Biedma,Diaulula punctuolata,Diaulula punctuolata,,Mollusca,355742,Animalia,Mollusca,,,Gastropoda,Heterobranchia,Nudipleura,Nudibranchia,Doridina,Doridoidea,Discodorididae,,,,,Diaulula,,Diaulula punctuolata,,,,,,,
26131244,2019/05/23 10:15 PM -03,2019-05-23,,Buenos Aires,,1734450,gbigatti,2019-05-31 19:03:15 UTC,2019-06-03 12:55:14 UTC,research,,https://www.inaturalist.org/observations/26131244,https://static.inaturalist.org/photos/40546160/medium.jpg?1559329363,,"",,false,1,0,false,,"Biedma, AR-CH, AR",-42.6213767545,-64.2638080427,61,,,,,,,false,,,,Biedma,,Argentina,Chubut,Biedma,Babosón verrugosa,Doris fontainii,Babosón verrugosa,Mollusca,543510,Animalia,Mollusca,,,Gastropoda,Heterobranchia,Nudipleura,Nudibranchia,Doridina,Doridoidea,Dorididae,,,,,Doris,,Doris fontainii,,,,,,,
26131353,2019/05/23 10:11 PM -03,2019-05-23,,Buenos Aires,,1734450,gbigatti,2019-05-31 19:05:46 UTC,2020-01-02 18:48:17 UTC,research,,https://www.inaturalist.org/observations/26131353,https://static.inaturalist.org/photos/40546312/medium.jpeg?1559329520,,"",,false,2,0,false,,"Biedma, AR-CH, AR",-42.6241926544,-64.2598672772,18,,,,,,,false,,,,Biedma,,Argentina,Chubut,Biedma,Alga Wakame,Undaria pinnatifida,Alga Wakame,Chromista,68786,Chromista,Ochrophyta,,,Phaeophyceae,,,Laminariales,,,Alariaceae,,,,,Undaria,,Undaria pinnatifida,,,,,,,
27293145,2018/04/12 11:24 PM -03,2018-04-12,,Santiago,,1573807,gonzalopatagonia,2019-06-19 22:50:18 UTC,2019-07-18 13:46:18 UTC,research,CC-BY-NC,https://www.inaturalist.org/observations/27293145,https://static.inaturalist.org/photos/42449214/medium.jpg?1560984375,,"","",false,1,0,false,,"Biedma, Chubut, Argentina",-42.6192866667,-64.2608866667,,,,,,,,false,,,,Biedma,,Argentina,Chubut,Biedma,Phrikoceros mopsus,Phrikoceros mopsus,,Animalia,901817,Animalia,Platyhelminthes,Rhabditophora,,,,,Polycladida,Cotylea,,Pseudocerotidae,,,,,Phrikoceros,,Phrikoceros mopsus,,,,,,5,16
36480788,2019/11/16 4:05 PM -0300,2019-11-16,2019-11-16 19:05:00 UTC,Brasilia,,1573807,gonzalopatagonia,2019-12-08 22:31:43 UTC,2019-12-08 22:44:16 UTC,research,CC-BY-NC,https://www.inaturalist.org/observations/36480788,https://static.inaturalist.org/photos/57670856/medium.jpg?1575843692,,"",,false,1,0,false,,"Biedma, AR-CH, AR",-42.624056,-64.260222,,,,,,,,false,,,,Biedma,,Argentina,Chubut,Biedma,Wakame,Undaria pinnatifida,Alga Wakame,Chromista,68786,Chromista,Ochrophyta,,,Phaeophyceae,,,Laminariales,,,Alariaceae,,,,,Undaria,,Undaria pinnatifida,,,,,,,
36480790,2019/11/16 4:54 PM -0300,2019-11-16,2019-11-16 19:54:00 UTC,Brasilia,,1573807,gonzalopatagonia,2019-12-08 22:31:44 UTC,2019-12-09 15:51:21 UTC,research,CC-BY-NC,https://www.inaturalist.org/observations/36480790,https://static.inaturalist.org/photos/57670873/medium.jpg?1575843713,,"",,false,1,0,false,,"Biedma, AR-CH, AR",-42.623778,-64.266139,,,,,,,open,false,,,,Biedma,,Argentina,Chubut,Biedma,Polvo gigante da Patagônia,Enteroctopus megalocyathus,Pulpo gigante de Chiloé,Mollusca,699757,Animalia,Mollusca,,,Cephalopoda,Coleoidea,Octopodiformes,Octopoda,Incirrata,Octopodoidea,Enteroctopodidae,,,,,Enteroctopus,,Enteroctopus megalocyathus,,,,,,,
36480793,2019/11/16 5:07 PM -0300,2019-11-16,2019-11-16 20:07:00 UTC,Brasilia,,1573807,gonzalopatagonia,2019-12-08 22:31:46 UTC,2019-12-10 05:15:59 UTC,research,CC-BY-NC,https://www.inaturalist.org/observations/36480793,https://static.inaturalist.org/photos/57670931/medium.jpg?1575843770,,"",,false,2,0,false,,"Biedma, AR-CH, AR",-42.623778,-64.266139,,,,,,,,false,,,,Biedma,,Argentina,Chubut,Biedma,Patagonian Redfish,Sebastes oculatus,Escrófalo,Actinopterygii,620534,Animalia,Chordata,Vertebrata,,Actinopterygii,,,Scorpaeniformes,,,Sebastidae,Sebastinae,,,,Sebastes,,Sebastes oculatus,,,,,,,
36480794,2019/11/16 5:07 PM -0300,2019-11-16,2019-11-16 20:07:00 UTC,Brasilia,,1573807,gonzalopatagonia,2019-12-08 22:31:47 UTC,2019-12-09 16:07:28 UTC,research,CC-BY-NC,https://www.inaturalist.org/observations/36480794,https://static.inaturalist.org/photos/57670959/medium.jpg?1575843796,,"",,false,1,0,false,,"Biedma, AR-CH, AR",-42.623778,-64.266139,,,,,,,,false,,,,Biedma,,Argentina,Chubut,Biedma,Ascidiella aspersa,Ascidiella aspersa,,Animalia,199327,Animalia,Chordata,Tunicata,,Ascidiacea,,,Phlebobranchia,,,Ascidiidae,,,,,Ascidiella,,Ascidiella aspersa,,,,,,,
36480795,2019/11/16 5:08 PM -0300,2019-11-16,2019-11-16 20:08:00 UTC,Brasilia,,1573807,gonzalopatagonia,2019-12-08 22:31:49 UTC,2019-12-08 23:24:30 UTC,research,CC-BY-NC,https://www.inaturalist.org/observations/36480795,https://static.inaturalist.org/photos/57670995/medium.jpg?1575843839,,"",,false,1,0,false,,"Biedma, AR-CH, AR",-42.623778,-64.266139,,,,,,,,false,,,,Biedma,,Argentina,Chubut,Biedma,Ciona robusta,Ciona robusta,,Animalia,712964,Animalia,Chordata,Tunicata,,Ascidiacea,,,Phlebobranchia,,,Cionidae,,,,,Ciona,,Ciona robusta,,,,,,,
36480796,2019/11/16 5:21 PM -0300,2019-11-16,2019-11-16 20:21:00 UTC,Brasilia,,1573807,gonzalopatagonia,2019-12-08 22:31:50 UTC,2020-02-18 13:22:57 UTC,research,CC-BY-NC,https://www.inaturalist.org/observations/36480796,https://static.inaturalist.org/photos/57671011/medium.jpg?1575843869,,Paramolgula gregaria,,false,0,0,false,,"Biedma, Chubut, Argentina",-42.623778,-64.266139,,,,,,,,false,,,,Biedma,,Argentina,Chubut,Biedma,Paramolgula gregaria,Paramolgula gregaria,,Animalia,800111,Animalia,Chordata,Tunicata,,Ascidiacea,,,Stolidobranchia,,,Molgulidae,,,,,Paramolgula,,Paramolgula gregaria,,,,,,,
36480797,2019/11/16 5:24 PM -0300,2019-11-16,2019-11-16 20:24:00 UTC,Brasilia,,1573807,gonzalopatagonia,2019-12-08 22:31:50 UTC,2019-12-10 05:15:56 UTC,research,CC-BY-NC,https://www.inaturalist.org/observations/36480797,https://static.inaturalist.org/photos/57671040/medium.jpg?1575843900,,Acanthistius patachonicus,,false,2,0,false,,"Biedma, Chubut, Argentina",-42.623778,-64.266139,,,,,,,,false,,,,Biedma,,Argentina,Chubut,Biedma,Acanthistius patachonicus,Acanthistius patachonicus,Mero de Patagonia,Actinopterygii,620551,Animalia,Chordata,Vertebrata,,Actinopterygii,,,Perciformes,,,Serranidae,Anthiinae,,,,Acanthistius,,Acanthistius patachonicus,,,,,,,
36480798,2019/11/16 5:30 PM -0300,2019-11-16,2019-11-16 20:30:00 UTC,Brasilia,,1573807,gonzalopatagonia,2019-12-08 22:31:52 UTC,2019-12-10 05:15:53 UTC,research,CC-BY-NC,https://www.inaturalist.org/observations/36480798,https://static.inaturalist.org/photos/57671061/medium.jpg?1575843920,,"",,false,3,0,false,,"Biedma, AR-CH, AR",-42.623778,-64.266139,,,,,,,,false,,,,Biedma,,Argentina,Chubut,Biedma,Brazilian sandperch,Pseudopercis semifasciata,Falso salmón de mar,Actinopterygii,448282,Animalia,Chordata,Vertebrata,,Actinopterygii,,,Perciformes,,,Pinguipedidae,,,,,Pseudopercis,,Pseudopercis semifasciata,,,,,,,
37408372,2019/12/17 3:22 PM -0300,2019-12-17,2019-12-17 18:22:00 UTC,Brasilia,,1573807,gonzalopatagonia,2020-01-08 21:23:54 UTC,2020-02-13 03:39:01 UTC,research,CC-BY-NC,https://www.inaturalist.org/observations/37408372,https://static.inaturalist.org/photos/59298079/medium.jpg?1578518377,,Trypilaster philippii,"",false,0,0,false,,"Biedma, Chubut, Argentina",-42.6236500267,-64.2594978967,,,,,,,,false,,,,Biedma,,Argentina,Chubut,Biedma,Tripylaster philippii,Tripylaster philippii,,Animalia,796606,Animalia,Echinodermata,Echinozoa,,Echinoidea,Euechinoidea,Atelostomata,Spatangoida,Paleopneustina,,Schizasteridae,,,,,Tripylaster,,Tripylaster philippii,,,,,,16.5,14.4
42948847,2018/12/18 2:27 PM -0300,2018-12-18,2018-12-18 16:27:00 UTC,Brasilia,,1573807,gonzalopatagonia,2020-04-23 13:24:03 UTC,2020-04-24 03:44:20 UTC,research,CC-BY-NC,https://www.inaturalist.org/observations/42948847,https://static.inaturalist.org/photos/68143101/medium.jpg?1587603848,,Helcogrammoides cunninghami,"",false,1,0,false,,"Biedma, Chubut, Argentina",-42.620258,-64.256885,,,,,,,open,false,,,,Biedma,,Argentina,Chubut,Biedma,Helcogrammoides cunninghami,Helcogrammoides cunninghami,Diablillo,Actinopterygii,446098,Animalia,Chordata,Vertebrata,,Actinopterygii,,,Perciformes,Blennioidei,,Tripterygiidae,Tripterygiinae,,,,Helcogrammoides,,Helcogrammoides cunninghami,,,,,,4,15
42948855,2018/12/18 2:48 PM -0300,2018-12-18,2018-12-18 16:48:00 UTC,Brasilia,,1573807,gonzalopatagonia,2020-04-23 13:24:07 UTC,2020-04-24 06:59:21 UTC,research,CC-BY-NC,https://www.inaturalist.org/observations/42948855,https://static.inaturalist.org/photos/68147052/medium.jpg?1587605698,,Arbacia dufresnii,"",false,1,0,false,,"Biedma, Chubut, Argentina",-42.620258,-64.256885,,,,,,,,false,,,,Biedma,,Argentina,Chubut,Biedma,Arbacia dufresnii,Arbacia dufresnii,,Animalia,485402,Animalia,Echinodermata,Echinozoa,,Echinoidea,Euechinoidea,Echinacea,Arbacioida,,,Arbaciidae,,,,,Arbacia,,Arbacia dufresnii,,,,,,4,15
42948861,2019/11/16 4:58 PM -0300,2019-11-16,2019-11-16 19:58:00 UTC,Brasilia,,1573807,gonzalopatagonia,2020-04-23 13:24:10 UTC,2020-04-24 03:44:12 UTC,research,CC-BY-NC,https://www.inaturalist.org/observations/42948861,https://static.inaturalist.org/photos/68150433/medium.jpg?1587607508,,Sebastes oculatus,,false,1,0,false,,"Biedma, Chubut, Argentina",-42.623778,-64.266139,,,,,,,,false,,,,Biedma,,Argentina,Chubut,Biedma,Sebastes oculatus,Sebastes oculatus,Escrófalo,Actinopterygii,620534,Animalia,Chordata,Vertebrata,,Actinopterygii,,,Scorpaeniformes,,,Sebastidae,Sebastinae,,,,Sebastes,,Sebastes oculatus,,,,,,,
42948867,2019/11/16 5:21 PM -0300,2019-11-16,2019-11-16 20:21:00 UTC,Brasilia,,1573807,gonzalopatagonia,2020-04-23 13:24:12 UTC,2020-04-24 03:44:04 UTC,research,CC-BY-NC,https://www.inaturalist.org/observations/42948867,https://static.inaturalist.org/photos/68151637/medium.jpg?1587608208,,Acanthistius patachonicus,,false,2,0,false,,"Biedma, Chubut, Argentina",-42.623778,-64.266139,,,,,,,,false,,,,Biedma,,Argentina,Chubut,Biedma,Mero de Patagonia,Acanthistius patachonicus,Mero de Patagonia,Actinopterygii,620551,Animalia,Chordata,Vertebrata,,Actinopterygii,,,Perciformes,,,Serranidae,Anthiinae,,,,Acanthistius,,Acanthistius patachonicus,,,,,,,
42948871,2019/11/16 5:24 PM -0300,2019-11-16,2019-11-16 20:24:00 UTC,Brasilia,,1573807,gonzalopatagonia,2020-04-23 13:24:14 UTC,2020-04-24 03:43:58 UTC,research,CC-BY-NC,https://www.inaturalist.org/observations/42948871,https://static.inaturalist.org/photos/68153759/medium.jpg?1587609366,,Acanthistius patachonicus,,false,1,0,false,,"Biedma, Chubut, Argentina",-42.623778,-64.266139,,,,,,,,false,,,,Biedma,,Argentina,Chubut,Biedma,Mero de Patagonia,Acanthistius patachonicus,Mero de Patagonia,Actinopterygii,620551,Animalia,Chordata,Vertebrata,,Actinopterygii,,,Perciformes,,,Serranidae,Anthiinae,,,,Acanthistius,,Acanthistius patachonicus,,,,,,,
42948883,2019/12/17 2:10 PM -0300,2019-12-17,2019-12-17 17:10:00 UTC,Brasilia,,1573807,gonzalopatagonia,2020-04-23 13:24:19 UTC,2020-04-24 06:59:24 UTC,research,CC-BY-NC,https://www.inaturalist.org/observations/42948883,https://static.inaturalist.org/photos/68155654/medium.jpg?1587610630,,Arbacia dufresnii,,false,1,0,false,,"Biedma, Chubut, Argentina",-42.6202831417,-64.2566584417,,,,,,,,false,,,,Biedma,,Argentina,Chubut,Biedma,Arbacia dufresnii,Arbacia dufresnii,,Animalia,485402,Animalia,Echinodermata,Echinozoa,,Echinoidea,Euechinoidea,Echinacea,Arbacioida,,,Arbaciidae,,,,,Arbacia,,Arbacia dufresnii,,,,,,,
42948889,2019/02/02 2:27 PM -0300,2019-02-02,2019-02-02 16:27:00 UTC,Brasilia,,1573807,gonzalopatagonia,2020-04-23 13:24:22 UTC,2020-04-24 03:43:50 UTC,research,CC-BY-NC,https://www.inaturalist.org/observations/42948889,https://static.inaturalist.org/photos/68157093/medium.jpg?1587611664,,Pseudopercis semifasciata,,false,2,0,false,,"Biedma, Chubut, Argentina",-42.632535,-64.274401,,,,,,,,false,,,,Biedma,,Argentina,Chubut,Biedma,Pseudopercis semifasciata,Pseudopercis semifasciata,Falso salmón de mar,Actinopterygii,448282,Animalia,Chordata,Vertebrata,,Actinopterygii,,,Perciformes,,,Pinguipedidae,,,,,Pseudopercis,,Pseudopercis semifasciata,,,,,,,
42948893,2019/02/02 2:28 PM -0300,2019-02-02,2019-02-02 16:28:00 UTC,Brasilia,,1573807,gonzalopatagonia,2020-04-23 13:24:24 UTC,2020-04-24 03:43:46 UTC,research,CC-BY-NC,https://www.inaturalist.org/observations/42948893,https://static.inaturalist.org/photos/68158343/medium.jpg?1587612507,,Acanthistius patachonicus,,false,2,0,false,,"Biedma, Chubut, Argentina",-42.632535,-64.274401,,,,,,,,false,,,,Biedma,,Argentina,Chubut,Biedma,Mero de Patagonia,Acanthistius patachonicus,Mero de Patagonia,Actinopterygii,620551,Animalia,Chordata,Vertebrata,,Actinopterygii,,,Perciformes,,,Serranidae,Anthiinae,,,,Acanthistius,,Acanthistius patachonicus,,,,,,,
42948909,2019/02/02 2:57 PM -0300,2019-02-02,2019-02-02 16:57:00 UTC,Brasilia,,1573807,gonzalopatagonia,2020-04-23 13:24:32 UTC,2020-04-24 06:59:26 UTC,research,CC-BY-NC,https://www.inaturalist.org/observations/42948909,https://static.inaturalist.org/photos/68164377/medium.jpg?1587617166,,Cosmasterias lurida,,false,1,0,false,,"Biedma, Chubut, Argentina",-42.632535,-64.274401,,,,,,,,false,,,,Biedma,,Argentina,Chubut,Biedma,Cosmasterias lurida,Cosmasterias lurida,,Animalia,629744,Animalia,Echinodermata,Asterozoa,,Asteroidea,,Forcipulatacea,Forcipulatida,,,Stichasteridae,,,,,Cosmasterias,,Cosmasterias lurida,,,,,,,
42948914,2019/02/16 2:03 PM -0300,2019-02-16,2019-02-16 17:03:00 UTC,Brasilia,,1573807,gonzalopatagonia,2020-04-23 13:24:35 UTC,2020-04-24 03:43:40 UTC,research,CC-BY-NC,https://www.inaturalist.org/observations/42948914,https://static.inaturalist.org/photos/68165424/medium.jpg?1587618103,,Acanthistius patachonicus,,false,2,0,false,,"Biedma, Chubut, Argentina",-42.623778,-64.266139,,,,,,,,false,,,,Biedma,,Argentina,Chubut,Biedma,Mero de Patagonia,Acanthistius patachonicus,Mero de Patagonia,Actinopterygii,620551,Animalia,Chordata,Vertebrata,,Actinopterygii,,,Perciformes,,,Serranidae,Anthiinae,,,,Acanthistius,,Acanthistius patachonicus,,,,,,,
42948917,2018/04/12 10:54 PM -0300,2018-04-12,2018-04-13 01:54:00 UTC,Brasilia,,1573807,gonzalopatagonia,2020-04-23 13:24:37 UTC,2020-04-24 07:00:49 UTC,research,CC-BY-NC,https://www.inaturalist.org/observations/42948917,https://static.inaturalist.org/photos/68166829/medium.jpg?1587619499,,Arbacia dufresnii,"",false,1,0,false,,"Biedma, Chubut, Argentina",-42.6192866667,-64.2608866667,,,,,,,,false,,,,Biedma,,Argentina,Chubut,Biedma,Arbacia dufresnii,Arbacia dufresnii,,Animalia,485402,Animalia,Echinodermata,Echinozoa,,Echinoidea,Euechinoidea,Echinacea,Arbacioida,,,Arbaciidae,,,,,Arbacia,,Arbacia dufresnii,,,,,,5,16
42948935,2018/04/12 11:44 PM -0300,2018-04-12,2018-04-13 02:44:00 UTC,Brasilia,,1573807,gonzalopatagonia,2020-04-23 13:24:43 UTC,2020-04-23 14:08:36 UTC,research,CC-BY-NC,https://www.inaturalist.org/observations/42948935,https://static.inaturalist.org/photos/68170991/medium.jpg?1587623867,,Carcinus maenas,"",false,1,0,false,,"Biedma, Chubut, Argentina",-42.6192866667,-64.2608866667,,,,,,,,false,,,,Biedma,,Argentina,Chubut,Biedma,Crabe vert,Carcinus maenas,Cangrejo verde europeo,Animalia,52523,Animalia,Arthropoda,Crustacea,Multicrustacea,Malacostraca,Eumalacostraca,Eucarida,Decapoda,Pleocyemata,Portunoidea,Carcinidae,Carcininae,,,,Carcinus,,Carcinus maenas,,,,,,1,16
42948936,2018/04/13 12:04 AM -0300,2018-04-13,2018-04-13 03:04:00 UTC,Brasilia,,1573807,gonzalopatagonia,2020-04-23 13:24:43 UTC,2020-04-24 07:01:38 UTC,research,CC-BY-NC,https://www.inaturalist.org/observations/42948936,https://static.inaturalist.org/photos/68171408/medium.jpg?1587624184,,Arbacia dufresnii,"",false,1,0,false,,"Biedma, Chubut, Argentina",-42.6192866667,-64.2608866667,,,,,,,,false,,,,Biedma,,Argentina,Chubut,Biedma,Arbacia dufresnii,Arbacia dufresnii,,Animalia,485402,Animalia,Echinodermata,Echinozoa,,Echinoidea,Euechinoidea,Echinacea,Arbacioida,,,Arbaciidae,,,,,Arbacia,,Arbacia dufresnii,,,,,,2,16
42948938,2018/04/13 12:07 AM -0300,2018-04-13,2018-04-13 03:07:00 UTC,Brasilia,,1573807,gonzalopatagonia,2020-04-23 13:24:45 UTC,2020-04-24 03:43:25 UTC,research,CC-BY-NC,https://www.inaturalist.org/observations/42948938,https://static.inaturalist.org/photos/68172226/medium.jpg?1587625147,,Helcogrammoides cunninghami,Pardelas Costa - temp 16,false,1,0,false,,"Biedma, Chubut, Argentina",-42.6192866667,-64.2608866667,,,,,,,open,false,,,,Biedma,,Argentina,Chubut,Biedma,Helcogrammoides cunninghami,Helcogrammoides cunninghami,Diablillo,Actinopterygii,446098,Animalia,Chordata,Vertebrata,,Actinopterygii,,,Perciformes,Blennioidei,,Tripterygiidae,Tripterygiinae,,,,Helcogrammoides,,Helcogrammoides cunninghami,,,,,,,
42948943,2018/04/15 4:51 AM -0300,2018-04-15,2018-04-15 07:51:00 UTC,Brasilia,,1573807,gonzalopatagonia,2020-04-23 13:24:47 UTC,2020-04-23 18:28:36 UTC,research,CC-BY-NC,https://www.inaturalist.org/observations/42948943,https://static.inaturalist.org/photos/68173338/medium.jpg?1587626607,,Corynactis carnea,Pardelas Costa - temp 16,false,1,0,false,,"Biedma, Chubut, Argentina",-42.6202166667,-64.2578283333,,,,,,,,false,,,,Biedma,,Argentina,Chubut,Biedma,Corynactis carnea,Corynactis carnea,,Animalia,570294,Animalia,Cnidaria,,,Anthozoa,Hexacorallia,,Corallimorpharia,,,Corallimorphidae,,,,,Corynactis,,Corynactis carnea,,,,,,,
42948968,2019/03/11 12:55 PM -0300,2019-03-11,2019-03-11 15:55:00 UTC,Brasilia,,1573807,gonzalopatagonia,2020-04-23 13:24:58 UTC,2020-04-24 06:59:08 UTC,research,CC-BY-NC,https://www.inaturalist.org/observations/42948968,https://static.inaturalist.org/photos/68176291/medium.jpg?1587629958,,Arbacia dufresnii,cavefloor,false,1,0,false,,"Biedma, Chubut, Argentina",-42.6241036417,-64.26002442,,,,,,,,false,,,,Biedma,,Argentina,Chubut,Biedma,Arbacia dufresnii,Arbacia dufresnii,,Animalia,485402,Animalia,Echinodermata,Echinozoa,,Echinoidea,Euechinoidea,Echinacea,Arbacioida,,,Arbaciidae,,,,,Arbacia,,Arbacia dufresnii,,,,,,,
42948973,2018/05/06 1:00 AM -0300,2018-05-06,2018-05-06 04:00:00 UTC,Brasilia,,1573807,gonzalopatagonia,2020-04-23 13:25:00 UTC,2020-04-24 03:43:20 UTC,research,CC-BY-NC,https://www.inaturalist.org/observations/42948973,https://static.inaturalist.org/photos/68176528/medium.jpg?1587630147,,Pinguipes brasilianus,Misterioso e Islote 15 C (12m),false,2,0,false,,"Biedma, Chubut, Argentina",-42.6148416667,-64.2775416667,,,,,,,,false,,,,Biedma,,Argentina,Chubut,Biedma,Pinguipes brasilianus,Pinguipes brasilianus,Turco,Actinopterygii,448285,Animalia,Chordata,Vertebrata,,Actinopterygii,,,Perciformes,,,Pinguipedidae,,,,,Pinguipes,,Pinguipes brasilianus,,,,,,,
42948976,2018/05/06 1:04 AM -0300,2018-05-06,2018-05-06 04:04:00 UTC,Brasilia,,1573807,gonzalopatagonia,2020-04-23 13:25:01 UTC,2020-04-24 03:43:17 UTC,research,CC-BY-NC,https://www.inaturalist.org/observations/42948976,https://static.inaturalist.org/photos/68176777/medium.jpg?1587630326,,Acanthistius patachonicus,Misterioso e Islote 15 C (12m),false,2,0,false,,"Biedma, Chubut, Argentina",-42.6148416667,-64.2775416667,,,,,,,,false,,,,Biedma,,Argentina,Chubut,Biedma,Mero de Patagonia,Acanthistius patachonicus,Mero de Patagonia,Actinopterygii,620551,Animalia,Chordata,Vertebrata,,Actinopterygii,,,Perciformes,,,Serranidae,Anthiinae,,,,Acanthistius,,Acanthistius patachonicus,,,,,,,
42948982,2018/05/06 2:14 AM -0300,2018-05-06,2018-05-06 05:14:00 UTC,Brasilia,,1573807,gonzalopatagonia,2020-04-23 13:25:05 UTC,2020-04-24 03:43:02 UTC,research,CC-BY-NC,https://www.inaturalist.org/observations/42948982,https://static.inaturalist.org/photos/68177086/medium.jpg?1587630597,,Acanthistius patachonicus,Alero Pardelas 15 c (15m),false,2,0,false,,"Biedma, Chubut, Argentina",-42.6240997217,-64.266358055,,,,,,,,false,,,,Biedma,,Argentina,Chubut,Biedma,Mero de Patagonia,Acanthistius patachonicus,Mero de Patagonia,Actinopterygii,620551,Animalia,Chordata,Vertebrata,,Actinopterygii,,,Perciformes,,,Serranidae,Anthiinae,,,,Acanthistius,,Acanthistius patachonicus,,,,,,,
42948983,2018/05/06 2:14 AM -0300,2018-05-06,2018-05-06 05:14:00 UTC,Brasilia,,1573807,gonzalopatagonia,2020-04-23 13:25:06 UTC,2020-04-24 03:42:54 UTC,research,CC-BY-NC,https://www.inaturalist.org/observations/42948983,https://static.inaturalist.org/photos/68177255/medium.jpg?1587630707,,Pinguipes brasilianus,Alero Pardelas 15 c (15m),false,2,0,false,,"Biedma, Chubut, Argentina",-42.6240997217,-64.266358055,,,,,,,,false,,,,Biedma,,Argentina,Chubut,Biedma,Pinguipes brasilianus,Pinguipes brasilianus,Turco,Actinopterygii,448285,Animalia,Chordata,Vertebrata,,Actinopterygii,,,Perciformes,,,Pinguipedidae,,,,,Pinguipes,,Pinguipes brasilianus,,,,,,,
42949000,2018/05/06 2:35 AM -0300,2018-05-06,2018-05-06 05:35:00 UTC,Brasilia,,1573807,gonzalopatagonia,2020-04-23 13:25:12 UTC,2020-04-24 03:42:34 UTC,research,CC-BY-NC,https://www.inaturalist.org/observations/42949000,https://static.inaturalist.org/photos/68177578/medium.jpg?1587630989,,Pinguipes brasilianus,Alero Pardelas 15 c (15m),false,2,0,false,,"Biedma, Chubut, Argentina",-42.6240997217,-64.266358055,,,,,,,,false,,,,Biedma,,Argentina,Chubut,Biedma,Pinguipes brasilianus,Pinguipes brasilianus,Turco,Actinopterygii,448285,Animalia,Chordata,Vertebrata,,Actinopterygii,,,Perciformes,,,Pinguipedidae,,,,,Pinguipes,,Pinguipes brasilianus,,,,,,,
42949003,2019/03/11 3:06 PM -0300,2019-03-11,2019-03-11 18:06:00 UTC,Brasilia,,1573807,gonzalopatagonia,2020-04-23 13:25:14 UTC,2020-04-24 07:01:40 UTC,research,CC-BY-NC,https://www.inaturalist.org/observations/42949003,https://static.inaturalist.org/photos/68177624/medium.jpg?1587631028,,Arbacia dufresnii,vertical,false,1,0,false,,"Biedma, Chubut, Argentina",-42.63371517,-64.27524196,,,,,,,,false,,,,Biedma,,Argentina,Chubut,Biedma,Arbacia dufresnii,Arbacia dufresnii,,Animalia,485402,Animalia,Echinodermata,Echinozoa,,Echinoidea,Euechinoidea,Echinacea,Arbacioida,,,Arbaciidae,,,,,Arbacia,,Arbacia dufresnii,,,,,,22,
42949029,2019/03/22 1:49 PM -0300,2019-03-22,2019-03-22 16:49:00 UTC,Brasilia,,1573807,gonzalopatagonia,2020-04-23 13:25:24 UTC,2020-04-23 18:28:32 UTC,research,CC-BY-NC,https://www.inaturalist.org/observations/42949029,https://static.inaturalist.org/photos/68178295/medium.jpg?1587631604,,Corynactis carnea,overhang,false,1,0,false,,"Biedma, Chubut, Argentina",-42.6242185283,-64.2664860567,,,,,,,,false,,,,Biedma,,Argentina,Chubut,Biedma,Corynactis carnea,Corynactis carnea,,Animalia,570294,Animalia,Cnidaria,,,Anthozoa,Hexacorallia,,Corallimorpharia,,,Corallimorphidae,,,,,Corynactis,,Corynactis carnea,,,,,,,
42949052,2018/10/24 12:44 PM -0300,2018-10-24,2018-10-24 15:44:00 UTC,Brasilia,,1573807,gonzalopatagonia,2020-04-23 13:25:34 UTC,2020-04-23 18:28:33 UTC,research,CC-BY-NC,https://www.inaturalist.org/observations/42949052,https://static.inaturalist.org/photos/68178628/medium.jpg?1587631897,,Corynactis carnea,,false,1,0,false,,"Biedma, Chubut, Argentina",-42.623778,-64.266139,,,,,,,,false,,,,Biedma,,Argentina,Chubut,Biedma,Corynactis carnea,Corynactis carnea,,Animalia,570294,Animalia,Cnidaria,,,Anthozoa,Hexacorallia,,Corallimorpharia,,,Corallimorphidae,,,,,Corynactis,,Corynactis carnea,,,,,,,
42949053,2018/06/03 3:41 AM -0400,2018-06-03,2018-06-03 07:41:00 UTC,Santiago,,1573807,gonzalopatagonia,2020-04-23 13:25:36 UTC,2020-04-23 18:52:11 UTC,research,CC-BY-NC,https://www.inaturalist.org/observations/42949053,https://static.inaturalist.org/photos/68178676/medium.jpg?1587631933,,Undaria pinnatifida,,false,1,0,false,,"Biedma, Chubut, Argentina",-42.620125,-64.2579116667,,,,,,,,false,,,,Biedma,,Argentina,Chubut,Biedma,Undaria pinnatifida,Undaria pinnatifida,Alga Wakame,Chromista,68786,Chromista,Ochrophyta,,,Phaeophyceae,,,Laminariales,,,Alariaceae,,,,,Undaria,,Undaria pinnatifida,,,,,,,
42949061,2018/10/24 6:15 AM -0300,2018-10-24,2018-10-24 09:15:00 UTC,Brasilia,,1573807,gonzalopatagonia,2020-04-23 13:25:39 UTC,2020-04-23 16:28:03 UTC,research,CC-BY-NC,https://www.inaturalist.org/observations/42949061,https://static.inaturalist.org/photos/68178823/medium.jpg?1587632059,,Chrysaora plocamia,,false,1,0,false,,"Biedma, Chubut, Argentina",-42.620464,-64.263747,,,,,,,,false,,,,Biedma,,Argentina,Chubut,Biedma,South American Sea Nettle,Chrysaora plocamia,Medusa boca de bandera,Animalia,256091,Animalia,Cnidaria,,,Scyphozoa,Discomedusae,,Semaeostomeae,,,Pelagiidae,,,,,Chrysaora,,Chrysaora plocamia,,,,,,,
42949063,2018/10/23 1:51 PM -0300,2018-10-23,2018-10-23 16:51:00 UTC,Brasilia,,1573807,gonzalopatagonia,2020-04-23 13:25:40 UTC,2020-04-24 06:59:05 UTC,research,CC-BY-NC,https://www.inaturalist.org/observations/42949063,https://static.inaturalist.org/photos/68178831/medium.jpg?1587632068,,Arbacia dufresnii,,false,1,0,false,,"Biedma, Chubut, Argentina",-42.620258,-64.256885,,,,,,,,false,,,,Biedma,,Argentina,Chubut,Biedma,Arbacia dufresnii,Arbacia dufresnii,,Animalia,485402,Animalia,Echinodermata,Echinozoa,,Echinoidea,Euechinoidea,Echinacea,Arbacioida,,,Arbaciidae,,,,,Arbacia,,Arbacia dufresnii,,,,,,,
42949065,2018/10/23 1:56 PM -0300,2018-10-23,2018-10-23 16:56:00 UTC,Brasilia,,1573807,gonzalopatagonia,2020-04-23 13:25:41 UTC,2020-04-23 18:28:30 UTC,research,CC-BY-NC,https://www.inaturalist.org/observations/42949065,https://static.inaturalist.org/photos/68178861/medium.jpg?1587632090,,Corynactis carnea,,false,1,0,false,,"Biedma, Chubut, Argentina",-42.620258,-64.256885,,,,,,,,false,,,,Biedma,,Argentina,Chubut,Biedma,Corynactis carnea,Corynactis carnea,,Animalia,570294,Animalia,Cnidaria,,,Anthozoa,Hexacorallia,,Corallimorpharia,,,Corallimorphidae,,,,,Corynactis,,Corynactis carnea,,,,,,,
42949075,2018/07/27 1:11 PM -0400,2018-07-27,2018-07-27 17:11:00 UTC,Santiago,,1573807,gonzalopatagonia,2020-04-23 13:25:47 UTC,2020-04-23 18:52:30 UTC,research,CC-BY-NC,https://www.inaturalist.org/observations/42949075,https://static.inaturalist.org/photos/68179430/medium.jpg?1587632598,,Undaria pinnatifida,Pardelas costero tem 11C,false,1,0,false,,"Biedma, Chubut, Argentina",-42.6202583333,-64.25688,,,,,,,,false,,,,Biedma,,Argentina,Chubut,Biedma,Undaria pinnatifida,Undaria pinnatifida,Alga Wakame,Chromista,68786,Chromista,Ochrophyta,,,Phaeophyceae,,,Laminariales,,,Alariaceae,,,,,Undaria,,Undaria pinnatifida,,,,,,,
42949086,2019/05/24 1:23 PM -0400,2019-05-24,2019-05-24 17:23:00 UTC,Santiago,,1573807,gonzalopatagonia,2020-04-23 13:25:51 UTC,2020-04-24 03:42:26 UTC,research,CC-BY-NC,https://www.inaturalist.org/observations/42949086,https://static.inaturalist.org/photos/68179787/medium.jpg?1587632953,,Sebastes oculatus,,false,1,0,false,,"Biedma, Chubut, Argentina",-42.6248716667,-64.2672158333,,,,,,,,false,,,,Biedma,,Argentina,Chubut,Biedma,Sebastes oculatus,Sebastes oculatus,Escrófalo,Actinopterygii,620534,Animalia,Chordata,Vertebrata,,Actinopterygii,,,Scorpaeniformes,,,Sebastidae,Sebastinae,,,,Sebastes,,Sebastes oculatus,,,,,,,
42949087,2019/05/24 1:23 PM -0400,2019-05-24,2019-05-24 17:23:00 UTC,Santiago,,1573807,gonzalopatagonia,2020-04-23 13:25:51 UTC,2020-04-24 03:42:16 UTC,research,CC-BY-NC,https://www.inaturalist.org/observations/42949087,https://static.inaturalist.org/photos/68179890/medium.jpg?1587633050,,Pinguipes brasilianus,,false,2,0,false,,"Biedma, Chubut, Argentina",-42.6248716667,-64.2672158333,,,,,,,,false,,,,Biedma,,Argentina,Chubut,Biedma,Pinguipes brasilianus,Pinguipes brasilianus,Turco,Actinopterygii,448285,Animalia,Chordata,Vertebrata,,Actinopterygii,,,Perciformes,,,Pinguipedidae,,,,,Pinguipes,,Pinguipes brasilianus,,,,,,,
